"baseMean"	"log2FoldChange"	"lfcSE"	"stat"	"pvalue"	"padj"	"id"	"contrast"	"celltype"
313.113932294644	-1.53566634837468	0.383845000628089	-4.00074599346573	6.31431083501758e-05	0.0784956865235871	"ENSMUSG00000041762"	"D4_vs_D2"	"M1"
181.684518709657	-1.99692155092681	0.536134869703866	-3.72466269920069	0.00019557654436127	0.0969610318082618	"ENSMUSG00000023274"	"D4_vs_D2"	"M1"
6577.44339756525	-1.40389588678031	0.358547723925016	-3.91550634156002	9.02146732168462e-05	0.0784956865235871	"ENSMUSG00000073421"	"D4_vs_D2"	"M1"
40646.2693279719	-1.26317208838023	0.328132059984897	-3.8495844887524	0.000118318366806999	0.081426700036577	"ENSMUSG00000024610"	"D4_vs_D2"	"M1"
212.79548852058	1.48245461020622	0.387985201064664	3.82090504003308	0.000132962844030578	0.0831863902380401	"ENSMUSG00000002108"	"D4_vs_D2"	"M1"
